Company Name,Address,Website,Company Description,Year Established,Parent Company,Contact Name,Title,Office Phone,Email,Association Memberships - FIDI,Association Memberships - DAB,Association Memberships - Harmony,Links
Millenium Transportes Ltda.,"Rua Joao Kaufmann, 730
Osasco
Sao Paulo, Osasco, 06620-060
Brazil",http://www.milleniumtransportes.com.br,"Millenium Transports and Logistics is a young and dynamic company that operates based on the binomial technology / service. Always aware to the needs of today's world, invests heavily in equipment, structure and teams training.",,,Misael Paixao  ,-,+55 1136026844,misael.paixao@milleniumtransportes.com.br,,,,https://mobilityex.com/#/search/service-providers/83?svc=Moving%20Services%20Company%20&page=58&sort=companylegalname%2Casc&range=50&assocs=800&query=q%3D%206&spc=10
Millenium Transportes Ltda.,"Rua Joao Kaufmann, 730
Osasco
Sao Paulo, Osasco, 06620-060
Brazil",http://www.milleniumtransportes.com.br,"Millenium Transports and Logistics is a young and dynamic company that operates based on the binomial technology / service. Always aware to the needs of today's world, invests heavily in equipment, structure and teams training.",,,Andrews Silva  ,-,,andrews@milleniumtransportes.com.br,,,,https://mobilityex.com/#/search/service-providers/83?svc=Moving%20Services%20Company%20&page=58&sort=companylegalname%2Casc&range=50&assocs=800&query=q%3D%206&spc=10
Millenium Transportes Ltda.,"Rua Joao Kaufmann, 730
Osasco
Sao Paulo, Osasco, 06620-060
Brazil",http://www.milleniumtransportes.com.br,"Millenium Transports and Logistics is a young and dynamic company that operates based on the binomial technology / service. Always aware to the needs of today's world, invests heavily in equipment, structure and teams training.",,,Erick Teixeira  ,-,,international@milleniumtransportes.com.br,,,,https://mobilityex.com/#/search/service-providers/83?svc=Moving%20Services%20Company%20&page=58&sort=companylegalname%2Casc&range=50&assocs=800&query=q%3D%206&spc=10
Mirkka International Moving AB,"Sommarvägen 16 Storage address: Vitmossevägen 1, gate 25, SE-554 75 Jönköping
Jonkoping, 555 94
Sweden",http://www.mirkkainternationalmoving.se,"A move can be set up in different ways, we tailor a solution for you, regardless of whether you move locally, within Sweden or if you are moving abroad. We can help with moves from the current door to the next or parts of the move. Everything according to your wishes.",2015.0,,Tina Ousbäck  ,Admin & Financials,46 (0)36-73030,tina@mirkkainternationalmoving.com,,,,https://mobilityex.com/#/search/service-providers/11847?svc=Moving%20Services%20Company%20&page=58&sort=companylegalname%2Casc&range=50&assocs=800&query=q%3D%206&spc=10
Mirkka International Moving AB,"Sommarvägen 16 Storage address: Vitmossevägen 1, gate 25, SE-554 75 Jönköping
Jonkoping, 555 94
Sweden",http://www.mirkkainternationalmoving.se,"A move can be set up in different ways, we tailor a solution for you, regardless of whether you move locally, within Sweden or if you are moving abroad. We can help with moves from the current door to the next or parts of the move. Everything according to your wishes.",2015.0,,Mirkka Wikstrom  ,CEO,46 (0)36-73030,mirkka@mirkkainternationalmoving.com,,,,https://mobilityex.com/#/search/service-providers/11847?svc=Moving%20Services%20Company%20&page=58&sort=companylegalname%2Casc&range=50&assocs=800&query=q%3D%206&spc=10
Montreal Movers International Inc.,"75, Lane 242, Sec. 8, Yanping N. Rd.
Shilin Dist.
Taipei, 111
Taiwan",http://www.montreal.com.tw,"Montreal Movers International prides itself in being one of the most respected moving companies in Taiwan. First established in 1988, MMI has been providing top quality service to customers worldwide. Our staff will provide our customers with whatever is necessary in making a move safeand efficient. Whether you are moving a household or office, you can be confident that you have working for you a team of dedicated professionals that know how to meet your needs.",1988,,Wayne Hsu  ,General Manager,,wayne@montreal.com.tw,,,,https://mobilityex.com/#/search/service-providers/693?svc=Moving%20Services%20Company%20&page=58&sort=companylegalname%2Casc&range=50&assocs=800&query=q%3D%206&spc=10
